"","1001","9005","PA",""""" <1001>","SIP/1001-0000000a","SIP/9005-0000000b","Dial","SIP/9005,20","2020-07-02 13:22:18",,"2020-07-02 13:22:21",2,0,"BUSY","DOCUMENTATION","1593696138.15"," QoS stats - ssrc=772443267;themssrc=0;lp=0;rxjitter=0.000000;rxcount=0;txjitter=0.000000;txcount=0;rlp=0;rtt=0.000000 R/W:gsm/gsm N:(gsm) Priority : 1"
"","9005","1001","PA",""""" <9005>","SIP/9005-0000000c","SIP/1001-0000000d","Dial","SIP/1001,20","2020-07-02 13:23:42",,"2020-07-02 13:23:44",2,0,"BUSY","DOCUMENTATION","1593696222.18"," QoS stats - ssrc=1835853787;themssrc=0;lp=0;rxjitter=0.000000;rxcount=0;txjitter=0.000000;txcount=0;rlp=0;rtt=0.000000 R/W:alaw/alaw N:(alaw) Priority : 1"
"","9005","1001","PA",""""" <9005>","SIP/9005-00000010","SIP/1001-00000011","Dial","SIP/1001,20","2020-07-02 13:25:57",,"2020-07-02 13:25:59",1,0,"BUSY","DOCUMENTATION","1593696357.23"," QoS stats - ssrc=477558283;themssrc=0;lp=0;rxjitter=0.000000;rxcount=0;txjitter=0.000000;txcount=0;rlp=0;rtt=0.000000 R/W:alaw/alaw N:(alaw) Priority : 1"
"","1003","1001","PA",""""" <1003>","SIP/1003-0000000e","SIP/1001-0000000f","Dial","SIP/1001,20","2020-07-02 13:25:43","2020-07-02 13:25:46","2020-07-02 13:26:26",43,40,"ANSWERED","DOCUMENTATION","1593696343.21"," QoS stats - ssrc=844562186;themssrc=3212780489;lp=0;rxjitter=0.000000;rxcount=1971;txjitter=0.002484;txcount=2006;rlp=0;rtt=0.007400 R/W:slin/slin N:(alaw) Priority : 1"
"","9005","1001","PA",""""" <9005>","SIP/9005-00000014","SIP/1001-00000015","Dial","SIP/1001,20","2020-07-02 13:26:49",,"2020-07-02 13:26:57",7,0,"BUSY","DOCUMENTATION","1593696409.29"," QoS stats - ssrc=2114497817;themssrc=0;lp=0;rxjitter=0.000000;rxcount=0;txjitter=0.000000;txcount=0;rlp=0;rtt=0.000000 R/W:alaw/alaw N:(alaw) Priority : 1"
"","1003","1001","PA",""""" <1003>","SIP/1003-00000012","SIP/1001-00000013","Dial","SIP/1001,20","2020-07-02 13:26:39","2020-07-02 13:26:42","2020-07-02 13:27:55",75,72,"ANSWERED","DOCUMENTATION","1593696399.27"," QoS stats - ssrc=946844689;themssrc=4195516117;lp=0;rxjitter=0.000000;rxcount=3622;txjitter=0.003751;txcount=3619;rlp=0;rtt=0.008682 R/W:slin/slin N:(alaw) Priority : 1"
"","1001","9005","PA",""""" <1001>","SIP/1001-00000016","SIP/9005-00000017","Dial","SIP/9005,20","2020-07-02 13:28:51","2020-07-02 13:28:53","2020-07-02 13:28:55",4,2,"ANSWERED","DOCUMENTATION","1593696531.33"," QoS stats - ssrc=1065426377;themssrc=1228606827;lp=0;rxjitter=0.000000;rxcount=2;txjitter=0.001247;txcount=0;rlp=0;rtt=0.000000 R/W:gsm/gsm N:(gsm) Priority : 1"
"","1001","9005","PA",""""" <1001>","SIP/1001-00000018","SIP/9005-00000019","Dial","SIP/9005,20","2020-07-02 13:30:06","2020-07-02 13:30:08","2020-07-02 13:30:09",2,1,"ANSWERED","DOCUMENTATION","1593696606.36"," QoS stats - ssrc=328774569;themssrc=0;lp=0;rxjitter=0.000000;rxcount=0;txjitter=0.000000;txcount=0;rlp=0;rtt=0.000000 R/W:gsm/gsm N:(gsm) Priority : 1"
"","1001","9005","PA",""""" <1001>","SIP/1001-0000001a","SIP/9005-0000001b","Dial","SIP/9005,20","2020-07-02 16:34:58","2020-07-02 16:35:01","2020-07-02 16:35:05",6,4,"ANSWERED","DOCUMENTATION","1593707698.39"," QoS stats -  R/W:gsm/gsm N:(gsm) Priority : 1"
"","1001","9005","PA",""""" <1001>","SIP/1001-00000000","SIP/9005-00000001","Dial","SIP/9005,20","2020-07-02 17:26:30","2020-07-02 17:26:33","2020-07-02 17:26:35",5,2,"ANSWERED","DOCUMENTATION","1593710790.0"," QoS stats -  R/W:gsm/gsm N:(gsm) Priority : 1"
"","1001","9005","PA",""""" <1001>","SIP/1001-00000002","SIP/9005-00000003","Dial","SIP/9005,20","2020-07-02 17:31:17",,"2020-07-02 17:31:37",20,0,"NO ANSWER","DOCUMENTATION","1593711077.3"," QoS stats - ssrc=1772522710;themssrc=0;lp=0;rxjitter=0.000000;rxcount=0;txjitter=0.000000;txcount=0;rlp=0;rtt=0.000000 R/W:gsm/gsm N:(gsm) Priority : 1"
"","1001","9005","PA",""""" <1001>","SIP/1001-00000004","","Dial","SIP/9005,20","2020-07-02 17:34:58",,"2020-07-02 17:34:58",0,0,"FAILED","DOCUMENTATION","1593711298.6"," QoS stats - ssrc=1832144059;themssrc=0;lp=0;rxjitter=0.000000;rxcount=0;txjitter=0.000000;txcount=0;rlp=0;rtt=0.000000 R/W:gsm/gsm N:(gsm) Priority : 1"
"","1001","9005","PA",""""" <1001>","SIP/1001-00000007","","Dial","SIP/9005,20","2020-07-02 17:38:34",,"2020-07-02 17:38:34",0,0,"FAILED","DOCUMENTATION","1593711514.10"," QoS stats - ssrc=1625498836;themssrc=0;lp=0;rxjitter=0.000000;rxcount=0;txjitter=0.000000;txcount=0;rlp=0;rtt=0.000000 R/W:gsm/gsm N:(gsm) Priority : 1"
"","1003","9005","PA",""""" <1003>","SIP/1003-00000005","SIP/9005-00000006","Dial","SIP/9005,20","2020-07-02 17:38:34",,"2020-07-02 17:38:40",5,0,"BUSY","DOCUMENTATION","1593711514.8"," QoS stats - ssrc=643245640;themssrc=0;lp=0;rxjitter=0.000000;rxcount=0;txjitter=0.000000;txcount=0;rlp=0;rtt=0.000000 R/W:alaw/alaw N:(alaw) Priority : 1"
"","1003","9005","PA",""""" <1003>","SIP/1003-00000000","SIP/9005-00000001","Dial","SIP/9005,20","2020-07-02 17:40:32",,"2020-07-02 17:40:41",8,0,"BUSY","DOCUMENTATION","1593711632.0"," QoS stats - ssrc=1313969015;themssrc=0;lp=0;rxjitter=0.000000;rxcount=0;txjitter=0.000000;txcount=0;rlp=0;rtt=0.000000 R/W:alaw/alaw N:(alaw) Priority : 1"
"","1001","9005","PA",""""" <1001>","SIP/1001-00000002","SIP/9005-00000003","Dial","SIP/9005,20","2020-07-02 17:40:32","2020-07-02 17:40:43","2020-07-02 17:41:00",27,16,"ANSWERED","DOCUMENTATION","1593711632.2"," QoS stats - ssrc=59275085;themssrc=349844423;lp=0;rxjitter=0.000000;rxcount=2;txjitter=0.001245;txcount=0;rlp=0;rtt=0.000000 R/W:gsm/gsm N:(gsm) Priority : 1"
"","1003","9005","PA",""""" <1003>","SIP/1003-00000004","SIP/9005-00000005","Dial","SIP/9005,20","2020-07-02 17:41:14",,"2020-07-02 17:41:20",6,0,"BUSY","DOCUMENTATION","1593711674.6"," QoS stats - ssrc=974302664;themssrc=0;lp=0;rxjitter=0.000000;rxcount=0;txjitter=0.000000;txcount=0;rlp=0;rtt=0.000000 R/W:alaw/alaw N:(alaw) Priority : 1"
"","1001","9005","PA",""""" <1001>","SIP/1001-00000006","SIP/9005-00000007","Dial","SIP/9005,20","2020-07-02 17:41:14","2020-07-02 17:41:18","2020-07-02 17:42:13",59,55,"ANSWERED","DOCUMENTATION","1593711674.8"," QoS stats - ssrc=355320418;themssrc=3039118951;lp=0;rxjitter=0.000000;rxcount=2;txjitter=0.001243;txcount=0;rlp=0;rtt=0.000000 R/W:gsm/gsm N:(gsm) Priority : 1"
"","1003","9005","PA",""""" <1003>","SIP/1003-0000000a","SIP/9005-0000000b","Dial","SIP/9005,20","2020-07-02 17:42:18",,"2020-07-02 17:42:22",3,0,"BUSY","DOCUMENTATION","1593711738.14"," QoS stats - ssrc=420901807;themssrc=0;lp=0;rxjitter=0.000000;rxcount=0;txjitter=0.000000;txcount=0;rlp=0;rtt=0.000000 R/W:alaw/alaw N:(alaw) Priority : 1"
"","1001","9005","PA",""""" <1001>","SIP/1001-00000008","SIP/9005-00000009","Dial","SIP/9005,20","2020-07-02 17:42:17","2020-07-02 17:42:21","2020-07-02 17:43:35",77,74,"ANSWERED","DOCUMENTATION","1593711737.12"," QoS stats - ssrc=397293623;themssrc=532861058;lp=0;rxjitter=0.000000;rxcount=4;txjitter=0.003504;txcount=0;rlp=0;rtt=0.000000 R/W:gsm/gsm N:(gsm) Priority : 1"
"","1001","9005","PA",""""" <1001>","SIP/1001-0000000c","SIP/9005-0000000d","Dial","SIP/9005,20","2020-07-02 17:44:06",,"2020-07-02 17:44:26",20,0,"NO ANSWER","DOCUMENTATION","1593711846.18"," QoS stats - ssrc=1844204362;themssrc=0;lp=0;rxjitter=0.000000;rxcount=0;txjitter=0.000000;txcount=0;rlp=0;rtt=0.000000 R/W:gsm/gsm N:(gsm) Priority : 1"
"","1001","9005","PA",""""" <1001>","SIP/1001-0000000e","SIP/9005-0000000f","Dial","SIP/9005,20","2020-07-02 17:45:26",,"2020-07-02 17:45:46",20,0,"NO ANSWER","DOCUMENTATION","1593711926.21"," QoS stats - ssrc=1188802319;themssrc=0;lp=0;rxjitter=0.000000;rxcount=0;txjitter=0.000000;txcount=0;rlp=0;rtt=0.000000 R/W:gsm/gsm N:(gsm) Priority : 1"
